Workbook

Sheet Summary
A1: Departed-user references in P21 SQL objects
A2: Scan run 2026-10-02 against the data warehouse (nightly restore of Prod). Found while working SA 56113 (Invoice Detail multi-manufacturer).
A4: Results
A5: Departed users checked (name has "** LEFT") | B5: 450 | C5: Fixed number from the scan query
A6: Hits found (object + user pairs) | B6: =COUNTA(Hits!A2:A42) -> 41
A7: ...in live code | B7: =COUNTIF(Hits!F2:F42,"Yes") -> 32 | C7: Real references
A8: ...in comments only | B8: =COUNTIF(Hits!F2:F42,"No") -> 9 | C8: False positives, e.g. CLYTHCKE in kb_fn_get_product_manager
A9: Objects with at least one live-code hit | B9: =COUNTIF('By Object'!D2:D22,">0") -> 19
A10: Objects with a hit, any kind | B10: =COUNTA('By Object'!A2:A22) -> 21
A11: Hits in kb_ objects | B11: =COUNTIFS(Hits!C2:C42,"kb",Hits!F2:F42,"Yes") -> 12 | C11: Live code only
A12: Hits in bi_ objects | B12: =COUNTIFS(Hits!C2:C42,"bi",Hits!F2:F42,"Yes") -> 16 | C12: Live code only
A13: Hits in js_ objects | B13: =COUNTIFS(Hits!C2:C42,"js",Hits!F2:F42,"Yes") -> 3 | C13: Live code only
A14: Hits in ds_ objects | B14: =COUNTIFS(Hits!C2:C42,"ds",Hits!F2:F42,"Yes") -> 1 | C14: Live code only
A15: Hits in asi_ objects | B15: =COUNTIFS(Hits!C2:C42,"asi",Hits!F2:F42,"Yes") -> 0 | C15: None found
A17: What stands out
A18: - Every live hit is in a kb_, js_, ds_ or bi_ object; none are in asi_ objects. Retiring or replacing the kb_/js_/ds_ objects clears most of them.
A19: - kb_fn_get_product_manager hardcodes departed users (TBASIC, GTHOMAS, KBENISH, BSPARKS). That is why 4 of 9 names in the Product Manager dropdown show "** LEFT **". See the Product Manager sheet.
A20: - The bi_view_user and bi_view_permissions_* views hardcode departed users in what looks like BI access logic - needs a look from whoever owns BI security.
A21: - KBENISH is the most common ID, in 9 objects (counting comments).
A23: Method and limits
A24: - Method: the IDs of the 450 users whose name has "** LEFT" were searched, as single-quoted strings, in every view, procedure and function definition. Each hit was then re-checked with SQL comments stripped.
A25: - Not covered: SSRS reports and shared datasets, portal files, alerts, business-rule settings, values stored in table rows, IDs built dynamically or matched with LIKE, users deleted but not marked "** LEFT" (e.g. KISKEN, PADMGR, SUPPLIESMGR).
A26: - A hit means the ID appears as text in the object. Each one still needs a human check that it is a user reference.
A27: - Source data is the data warehouse (restored nightly from Prod). The Hits sheet is the full list; By Object and By User are summaries of it.

Sheet Hits
A1: Object | B1: Type | C1: Prefix | D1: Departed user ID | E1: User name (as in P21) | F1: In live code? | G1: Where found
A2: bi_view_perm_customer_user | B2: View | C2: bi | D2: MLAMMERT | E2: ** LEFT 07/2022 ** Maria Lammert | F2: Yes | G2: Live code
A3: bi_view_perm_key_user | B3: View | C3: bi | D3: MLAMMERT | E3: ** LEFT 07/2022 ** Maria Lammert | F3: Yes | G3: Live code
A4: bi_view_perm_region | B4: View | C4: bi | D4: KBENISH | E4: ** LEFT 12/2024 ** Karen Benish | F4: Yes | G4: Live code
A5: bi_view_permissions_item | B5: View | C5: bi | D5: CWOYTKO | E5: ** LEFT 10/2024 ** Cheryl Woytko | F5: No | G5: Comment only (false positive)
A6: bi_view_permissions_item | B6: View | C6: bi | D6: KBENISH | E6: ** LEFT 12/2024 ** Karen Benish | F6: Yes | G6: Live code
A7: bi_view_permissions_item | B7: View | C7: bi | D7: SROSENTHAL | E7: ** LEFT 07/2026 ** Steve Rosenthal | F7: Yes | G7: Live code
A8: bi_view_permissions_location | B8: View | C8: bi | D8: BCASE | E8: ** LEFT 12/2025 ** Barry Case | F8: Yes | G8: Live code
A9: bi_view_permissions_location | B9: View | C9: bi | D9: CLEACH | E9: ** LEFT 03/2026 ** Craig Leach | F9: No | G9: Comment only (false positive)
A10: bi_view_permissions_location | B10: View | C10: bi | D10: CWOYTKO | E10: ** LEFT 10/2024 ** Cheryl Woytko | F10: Yes | G10: Live code
A11: bi_view_permissions_location | B11: View | C11: bi | D11: JGASPAR | E11: ** LEFT 02/2025 ** Joe Gaspar | F11: No | G11: Comment only (false positive)
A12: bi_view_permissions_location | B12: View | C12: bi | D12: RGERLACH | E12: ** LEFT 03/2020 ** Rob Gerlach | F12: Yes | G12: Live code
... A42: kb_proc_salesportals_enable | B42: Stored Procedure | C42: kb | D42: KBENISH | E42: ** LEFT 12/2024 ** Karen Benish | F42: Yes | G42: Live code

Sheet By Object
A1: Object | B1: Type | C1: Prefix | D1: Live departed-ID hits | E1: Comment-only hits | F1: Departed IDs in live code
A2: bi_view_perm_customer_user | B2: View | C2: bi | D2: =COUNTIFS(Hits!$A$2:$A$42,$A2,Hits!$F$2:$F$42,"Yes") -> 1 | E2: =COUNTIFS(Hits!$A$2:$A$42,$A2,Hits!$F$2:$F$42,"No") -> 0 | F2: MLAMMERT
A3: bi_view_perm_key_user | B3: View | C3: bi | D3: =COUNTIFS(Hits!$A$2:$A$42,$A3,Hits!$F$2:$F$42,"Yes") -> 1 | E3: =COUNTIFS(Hits!$A$2:$A$42,$A3,Hits!$F$2:$F$42,"No") -> 0 | F3: MLAMMERT
A4: bi_view_perm_region | B4: View | C4: bi | D4: =COUNTIFS(Hits!$A$2:$A$42,$A4,Hits!$F$2:$F$42,"Yes") -> 1 | E4: =COUNTIFS(Hits!$A$2:$A$42,$A4,Hits!$F$2:$F$42,"No") -> 0 | F4: KBENISH
A5: bi_view_permissions_item | B5: View | C5: bi | D5: =COUNTIFS(Hits!$A$2:$A$42,$A5,Hits!$F$2:$F$42,"Yes") -> 2 | E5: =COUNTIFS(Hits!$A$2:$A$42,$A5,Hits!$F$2:$F$42,"No") -> 1 | F5: KBENISH, SROSENTHAL
A6: bi_view_permissions_location | B6: View | C6: bi | D6: =COUNTIFS(Hits!$A$2:$A$42,$A6,Hits!$F$2:$F$42,"Yes") -> 4 | E6: =COUNTIFS(Hits!$A$2:$A$42,$A6,Hits!$F$2:$F$42,"No") -> 2 | F6: BCASE, CWOYTKO, RGERLACH, TBASIC
A7: bi_view_user | B7: View | C7: bi | D7: =COUNTIFS(Hits!$A$2:$A$42,$A7,Hits!$F$2:$F$42,"Yes") -> 7 | E7: =COUNTIFS(Hits!$A$2:$A$42,$A7,Hits!$F$2:$F$42,"No") -> 0 | F7: BCASE, BJEPSEN, CSCHRUPP, ITDEPT, JBINKLEY, SHABEL, SHUTCHISON
A8: ds_view_po_total | B8: View | C8: ds | D8: =COUNTIFS(Hits!$A$2:$A$42,$A8,Hits!$F$2:$F$42,"Yes") -> 1 | E8: =COUNTIFS(Hits!$A$2:$A$42,$A8,Hits!$F$2:$F$42,"No") -> 0 | F8: TWARREN
A9: js_proc_is_b2b | B9: Stored Procedure | C9: js | D9: =COUNTIFS(Hits!$A$2:$A$42,$A9,Hits!$F$2:$F$42,"Yes") -> 1 | E9: =COUNTIFS(Hits!$A$2:$A$42,$A9,Hits!$F$2:$F$42,"No") -> 0 | F9: CCATALANO
A10: js_proc_string_fix | B10: Stored Procedure | C10: js | D10: =COUNTIFS(Hits!$A$2:$A$42,$A10,Hits!$F$2:$F$42,"Yes") -> 1 | E10: =COUNTIFS(Hits!$A$2:$A$42,$A10,Hits!$F$2:$F$42,"No") -> 0 | F10: CCATALANO
A11: js_view_contacts_update_temp | B11: View | C11: js | D11: =COUNTIFS(Hits!$A$2:$A$42,$A11,Hits!$F$2:$F$42,"Yes") -> 1 | E11: =COUNTIFS(Hits!$A$2:$A$42,$A11,Hits!$F$2:$F$42,"No") -> 0 | F11: JSAMUELS
A12: kb_fn_get_product_manager | B12: Scalar Function | C12: kb | D12: =COUNTIFS(Hits!$A$2:$A$42,$A12,Hits!$F$2:$F$42,"Yes") -> 4 | E12: =COUNTIFS(Hits!$A$2:$A$42,$A12,Hits!$F$2:$F$42,"No") -> 1 | F12: BSPARKS, GTHOMAS, KBENISH, TBASIC
A13: kb_fnt_br_order_validator_v2 | B13: Table Valued Function | C13: kb | D13: =COUNTIFS(Hits!$A$2:$A$42,$A13,Hits!$F$2:$F$42,"Yes") -> 0 | E13: =COUNTIFS(Hits!$A$2:$A$42,$A13,Hits!$F$2:$F$42,"No") -> 1 | F13: (none - comments only)
... A22: kb_proc_salesportals_enable | B22: Stored Procedure | C22: kb | D22: =COUNTIFS(Hits!$A$2:$A$42,$A22,Hits!$F$2:$F$42,"Yes") -> 1 | E22: =COUNTIFS(Hits!$A$2:$A$42,$A22,Hits!$F$2:$F$42,"No") -> 0 | F22: KBENISH

Sheet By User
A1: Departed user ID | B1: User name (as in P21) | C1: Objects with live-code hit | D1: Objects (live code)
A2: KBENISH | B2: ** LEFT 12/2024 ** Karen Benish | C2: =COUNTIFS(Hits!$D$2:$D$42,$A2,Hits!$F$2:$F$42,"Yes") -> 8 | D2: bi_view_perm_region, bi_view_permissions_item, kb_fn_get_product_manager, kb_proc_br_oe_sale_day, kb_proc_customer_contract_pricing_settings, kb_proc_evaluate_dealer_type_pricing, kb_proc_freight_charge_update, kb_proc_salesportals_enable
A3: TBASIC | B3: ** LEFT 01/2026 ** Tony Basic | C3: =COUNTIFS(Hits!$D$2:$D$42,$A3,Hits!$F$2:$F$42,"Yes") -> 3 | D3: bi_view_permissions_location, kb_fn_get_product_manager, kb_fnt_get_user_loc
A4: BCASE | B4: ** LEFT 12/2025 ** Barry Case | C4: =COUNTIFS(Hits!$D$2:$D$42,$A4,Hits!$F$2:$F$42,"Yes") -> 2 | D4: bi_view_permissions_location, bi_view_user
A5: CCATALANO | B5: ** Left 05/2024 ** Chris Catalano | C5: =COUNTIFS(Hits!$D$2:$D$42,$A5,Hits!$F$2:$F$42,"Yes") -> 2 | D5: js_proc_is_b2b, js_proc_string_fix
A6: MLAMMERT | B6: ** LEFT 07/2022 ** Maria Lammert | C6: =COUNTIFS(Hits!$D$2:$D$42,$A6,Hits!$F$2:$F$42,"Yes") -> 2 | D6: bi_view_perm_customer_user, bi_view_perm_key_user
A7: SROSENTHAL | B7: ** LEFT 07/2026 ** Steve Rosenthal | C7: =COUNTIFS(Hits!$D$2:$D$42,$A7,Hits!$F$2:$F$42,"Yes") -> 2 | D7: bi_view_permissions_item, kb_proc_commission_report_individual
A8: BJEPSEN | B8: ** LEFT 11/2024 ** Barb Jepsen | C8: =COUNTIFS(Hits!$D$2:$D$42,$A8,Hits!$F$2:$F$42,"Yes") -> 1 | D8: bi_view_user
A9: BSPARKS | B9: ** LEFT 12/2025 ** Bill Sparks | C9: =COUNTIFS(Hits!$D$2:$D$42,$A9,Hits!$F$2:$F$42,"Yes") -> 1 | D9: kb_fn_get_product_manager
A10: CSCHRUPP | B10: ** LEFT 02/2025 ** Craig Schrupp | C10: =COUNTIFS(Hits!$D$2:$D$42,$A10,Hits!$F$2:$F$42,"Yes") -> 1 | D10: bi_view_user
A11: CWOYTKO | B11: ** LEFT 10/2024 ** Cheryl Woytko | C11: =COUNTIFS(Hits!$D$2:$D$42,$A11,Hits!$F$2:$F$42,"Yes") -> 1 | D11: bi_view_permissions_location
A12: GTHOMAS | B12: ** LEFT 10/2024 ** Gordon Thomas | C12: =COUNTIFS(Hits!$D$2:$D$42,$A12,Hits!$F$2:$F$42,"Yes") -> 1 | D12: kb_fn_get_product_manager
A13: ITDEPT | B13: ** LEFT 12/2024 ** IT Dept (demo) | C13: =COUNTIFS(Hits!$D$2:$D$42,$A13,Hits!$F$2:$F$42,"Yes") -> 1 | D13: bi_view_user
... A25: JTSAPRALIS | B25: ** LEFT 04/2024 ** Jessica Tsapralis | C25: =COUNTIFS(Hits!$D$2:$D$42,$A25,Hits!$F$2:$F$42,"Yes") -> 0 | D25: (none - comments only)

Sheet Product Manager
A1: kb_fn_get_product_manager - user IDs the function returns (live code) and their P21 status
A3: Product manager ID | B3: Name in P21 | C3: Delete flag | D3: In dropdown? | E3: Status | F3: What the function assigns (summary)
A4: TBASIC | B4: ** LEFT 01/2026 ** Tony Basic | C4: Y | D4: Yes | E4: Departed (marked LEFT) | F4: Board and hardware product groups, plus a number of manufacturers (DAP adhesive, tile/stone classes)
A5: GTHOMAS | B5: ** LEFT 10/2024 ** Gordon Thomas | C5: Y | D5: Yes | E5: Departed (marked LEFT) | F5: Johnson Hardwood wood/laminate; GLW, PSF, MUL manufacturers
A6: KBENISH | B6: ** LEFT 12/2024 ** Karen Benish | C6: Y | D6: Yes | E6: Departed (marked LEFT) | F6: Default when no rule matches (OCHARGE / blank product group, unlisted manufacturers, DRI)
A7: BSPARKS | B7: ** LEFT 12/2025 ** Bill Sparks | C7: Y | D7: Yes | E7: Departed (marked LEFT) | F7: Counters, quartz, solid surface, sinks; AAA, IAC, SMG and other manufacturers
A8: ABOEVE | B8: Alex Boeve | C8: N | D8: Yes | E8: Current | F8: TOOLS product group
A9: DJONES | B9: Davey (John) Jones | C9: N | D9: Yes | E9: Current | F9: TILE product group; a short list of manufacturers (AMT, BON, CBT, ...)
A10: JHAYDOCK | B10: Jennifer Haydock | C10: N | D10: Yes | E10: Current | F10: Laminate, sheet vinyl, carpet, vinyl tile; many manufacturers
A11: PADMGR | B11: Padding (Pat and Pete) | C11: Y | D11: Yes | E11: Deleted in P21 (shared account) | F11: Pad product groups; CRO, FLX, MPG, DUR and similar
A12: SUPPLIESMGR | B12: Supplies (Chris Lythcke) | C12: Y | D12: Yes | E12: Deleted in P21 (shared account) | F12: Finished, install, powders, underlayment, resilient, base; many manufacturers
A13: PDUNDAS | B13: Pam Dundas | C13: N | D13: No | E13: Current | F13: Supplies-type product groups added 11/2023 (SUPNONIN, SELFLEV, SETTING, ...) - not in dropdown
A14: KISKEN | B14: ** MISSPELLING ** Use KEVINI | C14: Y | D14: No | E14: Misspelled / retired ID - should be replaced | F14: ACCESSOR product group - not in dropdown
A16: Notes
A17: Departed means the P21 user name carries the "** LEFT" marker.
A18: CLYTHCKE (left 07/2022) is NOT returned by the function. It appears only in a comment (--'CLYTHCKE') next to SUPPLIESMGR. The dropdown row "Supplies (Chris Lythcke)" is the SUPPLIESMGR account, which carries his name; SUPPLIESMGR itself is flagged deleted in P21.
A19: PADMGR and SUPPLIESMGR are shared accounts flagged deleted in P21 but still returned by the function and shown in the dropdown. Decide with Purchasing whether they stay as role accounts.
A20: KISKEN is a retired/misspelled ID ("Use KEVINI"). Items in the ACCESSOR product group map to it, so those items carry a deleted ID. It is not in the dropdown, which is built from sample items.
A21: The users.active column is N for everyone here, including current staff, so it was not used.
A22: Deciding who owns which items is a Purchasing decision; nothing here changes the function.
